{
  "Designer": {
    "n_tasks": 24,
    "vector": {
      "K": 0.21110925119964288,
      "I": 0.2660361566789421,
      "P": 0.16875348733400292,
      "A": 0.04363910277870773,
      "C": 0.11276643231782167,
      "T": 0.13150206450172972,
      "R": 0.06619350518915298
    },
    "exposure": 0.6214500055797344,
    "ci": {
      "K": {
        "mean": 0.21081854566915376,
        "ci_lo": 0.1775890872372686,
        "ci_hi": 0.24443140791678977
      },
      "I": {
        "mean": 0.2666100603633876,
        "ci_lo": 0.23184719153856417,
        "ci_hi": 0.2980932063476792
      },
      "P": {
        "mean": 0.1693127159448173,
        "ci_lo": 0.13110781645394706,
        "ci_hi": 0.22095495229482404
      },
      "A": {
        "mean": 0.04389370969839105,
        "ci_lo": 0.028926617799015245,
        "ci_hi": 0.06107847017274308
      },
      "C": {
        "mean": 0.11277244785659928,
        "ci_lo": 0.09841454508174828,
        "ci_hi": 0.12725407644154835
      },
      "T": {
        "mean": 0.12998805772125377,
        "ci_lo": 0.08057951389278165,
        "ci_hi": 0.19244159403877847
      },
      "R": {
        "mean": 0.06660446274639718,
        "ci_lo": 0.0406946511331555,
        "ci_hi": 0.09659692389739759
      },
      "exposure": {
        "mean": 0.621767211851776,
        "ci_lo": 0.5843566413627673,
        "ci_hi": 0.6600389375742637
      }
    }
  },
  "General Contractor": {
    "n_tasks": 25,
    "vector": {
      "K": 0.22784886927744066,
      "I": 0.2646056260341975,
      "P": 0.24156646442360727,
      "A": 0.07333701047986761,
      "C": 0.06623055708769994,
      "T": 0.04319580805295092,
      "R": 0.08321566464423606
    },
    "exposure": 0.6353223938223937,
    "ci": {
      "K": {
        "mean": 0.22741883038972374,
        "ci_lo": 0.1938909251430489,
        "ci_hi": 0.2627731222691106
      },
      "I": {
        "mean": 0.2646339015143579,
        "ci_lo": 0.22740528419470524,
        "ci_hi": 0.3012389513865014
      },
      "P": {
        "mean": 0.24224754216474548,
        "ci_lo": 0.18697523657947504,
        "ci_hi": 0.29570307565726117
      },
      "A": {
        "mean": 0.07332674040371429,
        "ci_lo": 0.04719821117778009,
        "ci_hi": 0.10167226709257605
      },
      "C": {
        "mean": 0.06658702570265336,
        "ci_lo": 0.05484318473677612,
        "ci_hi": 0.07828400528192073
      },
      "T": {
        "mean": 0.04320283586425306,
        "ci_lo": 0.0329539486721145,
        "ci_hi": 0.056490682492379214
      },
      "R": {
        "mean": 0.08258312396055215,
        "ci_lo": 0.04871005540411491,
        "ci_hi": 0.11951574172066963
      },
      "exposure": {
        "mean": 0.6354028366189716,
        "ci_lo": 0.6026209300482045,
        "ci_hi": 0.6723792945841899
      }
    }
  },
  "Owner Representative": {
    "n_tasks": 20,
    "vector": {
      "K": 0.0975,
      "I": 0.265,
      "P": 0.315,
      "A": 0.065,
      "C": 0.05,
      "T": 0.0575,
      "R": 0.15
    },
    "exposure": 0.55675,
    "ci": {
      "K": {
        "mean": 0.09768,
        "ci_lo": 0.0825,
        "ci_hi": 0.11381249999999994
      },
      "I": {
        "mean": 0.265255,
        "ci_lo": 0.23,
        "ci_hi": 0.3025
      },
      "P": {
        "mean": 0.31277499999999997,
        "ci_lo": 0.2625,
        "ci_hi": 0.3625
      },
      "A": {
        "mean": 0.06572,
        "ci_lo": 0.0475,
        "ci_hi": 0.0875
      },
      "C": {
        "mean": 0.05,
        "ci_lo": 0.05,
        "ci_hi": 0.05
      },
      "T": {
        "mean": 0.05725,
        "ci_lo": 0.0425,
        "ci_hi": 0.075
      },
      "R": {
        "mean": 0.15131999999999998,
        "ci_lo": 0.105,
        "ci_hi": 0.2
      },
      "exposure": {
        "mean": 0.5565015000000001,
        "ci_lo": 0.52611875,
        "ci_hi": 0.589675
      }
    }
  }
}