{
  "base": {
    "vector": {
      "K": 0.19244137929302255,
      "I": 0.27872078697616237,
      "P": 0.20172606287118702,
      "A": 0.031315532682040986,
      "C": 0.04716541519573305,
      "T": 0.19677018773947813,
      "R": 0.05186063524237594
    },
    "exposure": 0.6096241794482476,
    "ci": {
      "K": {
        "mean": 0.19260770198496613,
        "ci_lo": 0.1712987978868854,
        "ci_hi": 0.21655002244052254
      },
      "I": {
        "mean": 0.27883026645983444,
        "ci_lo": 0.25178561925621107,
        "ci_hi": 0.30544173399595387
      },
      "P": {
        "mean": 0.2013489541583082,
        "ci_lo": 0.17810445086004706,
        "ci_hi": 0.22551542646201833
      },
      "A": {
        "mean": 0.03128468393247245,
        "ci_lo": 0.022012331610683444,
        "ci_hi": 0.0422313987730691
      },
      "C": {
        "mean": 0.04727348941790446,
        "ci_lo": 0.04332913275496147,
        "ci_hi": 0.051313393991726575
      },
      "T": {
        "mean": 0.19656292261731548,
        "ci_lo": 0.1634026141255744,
        "ci_hi": 0.23168049626546264
      },
      "R": {
        "mean": 0.0520919814291988,
        "ci_lo": 0.0432719843777658,
        "ci_hi": 0.061397145419386186
      },
      "exposure": {
        "mean": 0.6097128762744926,
        "ci_lo": 0.5863195211237859,
        "ci_hi": 0.6338601462131819
      }
    }
  },
  "Junior": {
    "vector": {
      "K": 0.16248538439058988,
      "I": 0.23931929638107532,
      "P": 0.20624875355860214,
      "A": 0.02418100055210689,
      "C": 0.04664314021959329,
      "T": 0.27244483194430386,
      "R": 0.048677592953728574
    },
    "exposure": 0.5642507850074822,
    "ci": {
      "K": {
        "mean": 0.16244377317114145,
        "ci_lo": 0.14432115080276112,
        "ci_hi": 0.1850531398905986
      },
      "I": {
        "mean": 0.23916039064275907,
        "ci_lo": 0.21125925793390798,
        "ci_hi": 0.2705783309298389
      },
      "P": {
        "mean": 0.2064270747365848,
        "ci_lo": 0.17687191604706606,
        "ci_hi": 0.23701544762441537
      },
      "A": {
        "mean": 0.024205552136438283,
        "ci_lo": 0.015633801022749708,
        "ci_hi": 0.034560886767645356
      },
      "C": {
        "mean": 0.04680634136657199,
        "ci_lo": 0.041248544518401487,
        "ci_hi": 0.052571636614478875
      },
      "T": {
        "mean": 0.2720180943672458,
        "ci_lo": 0.22593673243695886,
        "ci_hi": 0.3167675619201134
      },
      "R": {
        "mean": 0.04893877357925855,
        "ci_lo": 0.04297942408631313,
        "ci_hi": 0.05471564049355019
      },
      "exposure": {
        "mean": 0.5641555544251531,
        "ci_lo": 0.5396947628438454,
        "ci_hi": 0.5908013056143218
      }
    }
  },
  "Mid": {
    "vector": {
      "K": 0.1765608015022051,
      "I": 0.27111230277171994,
      "P": 0.1995011326981639,
      "A": 0.02607144758926994,
      "C": 0.04687597243026263,
      "T": 0.23136501989065134,
      "R": 0.04851332311772715
    },
    "exposure": 0.5939680311594568,
    "ci": {
      "K": {
        "mean": 0.17654942986404862,
        "ci_lo": 0.1594516507274568,
        "ci_hi": 0.19819648944693105
      },
      "I": {
        "mean": 0.2710981071410481,
        "ci_lo": 0.24639473294652645,
        "ci_hi": 0.2980506284715472
      },
      "P": {
        "mean": 0.19932491765226576,
        "ci_lo": 0.1764507923172736,
        "ci_hi": 0.22413633306914488
      },
      "A": {
        "mean": 0.026052600902101902,
        "ci_lo": 0.017458723179928155,
        "ci_hi": 0.036711753654433
      },
      "C": {
        "mean": 0.047004351169018,
        "ci_lo": 0.042903218561192405,
        "ci_hi": 0.05118278747406424
      },
      "T": {
        "mean": 0.23115305221099539,
        "ci_lo": 0.19333861505899064,
        "ci_hi": 0.2700109935941198
      },
      "R": {
        "mean": 0.04881754106052225,
        "ci_lo": 0.04241450918119672,
        "ci_hi": 0.055360082684216404
      },
      "exposure": {
        "mean": 0.5938996632161074,
        "ci_lo": 0.570754349930713,
        "ci_hi": 0.6193974878694032
      }
    }
  },
  "Senior": {
    "vector": {
      "K": 0.1907167396234544,
      "I": 0.29675653419908016,
      "P": 0.1939079475891167,
      "A": 0.026888343567172384,
      "C": 0.04760967089355875,
      "T": 0.1936816282811935,
      "R": 0.0504391358464242
    },
    "exposure": 0.619311006112754,
    "ci": {
      "K": {
        "mean": 0.19073152581659736,
        "ci_lo": 0.17004691817970796,
        "ci_hi": 0.2153288331144257
      },
      "I": {
        "mean": 0.29684710533533265,
        "ci_lo": 0.2700801432731135,
        "ci_hi": 0.32288844666467303
      },
      "P": {
        "mean": 0.19353682179312984,
        "ci_lo": 0.17075427960306555,
        "ci_hi": 0.22095630562236399
      },
      "A": {
        "mean": 0.02686198187750905,
        "ci_lo": 0.018737957161085995,
        "ci_hi": 0.03717600727433752
      },
      "C": {
        "mean": 0.0477081445297389,
        "ci_lo": 0.044493270851419846,
        "ci_hi": 0.050947767546183284
      },
      "T": {
        "mean": 0.19363775438067757,
        "ci_lo": 0.16184156504322045,
        "ci_hi": 0.23226581349978445
      },
      "R": {
        "mean": 0.05067666626701467,
        "ci_lo": 0.042947663492148756,
        "ci_hi": 0.05982748534292147
      },
      "exposure": {
        "mean": 0.619294087057326,
        "ci_lo": 0.5965335177825346,
        "ci_hi": 0.6436223047030711
      }
    }
  },
  "Principal": {
    "vector": {
      "K": 0.2094370534172044,
      "I": 0.32526239771218735,
      "P": 0.18251970734941372,
      "A": 0.027557324432515868,
      "C": 0.0483478257611663,
      "T": 0.15306141809445986,
      "R": 0.05381427323305256
    },
    "exposure": 0.6479982660389476,
    "ci": {
      "K": {
        "mean": 0.20918801843313672,
        "ci_lo": 0.18071937941297647,
        "ci_hi": 0.24141635368723252
      },
      "I": {
        "mean": 0.325300970760219,
        "ci_lo": 0.2965747841108125,
        "ci_hi": 0.3520152597877054
      },
      "P": {
        "mean": 0.18244209659750088,
        "ci_lo": 0.15694682144058253,
        "ci_hi": 0.21280605229388755
      },
      "A": {
        "mean": 0.027597108834381875,
        "ci_lo": 0.0193657932594976,
        "ci_hi": 0.03696842357333216
      },
      "C": {
        "mean": 0.04842419304530952,
        "ci_lo": 0.04485573419189177,
        "ci_hi": 0.05155023914900327
      },
      "T": {
        "mean": 0.15309770840534573,
        "ci_lo": 0.12270328895718888,
        "ci_hi": 0.1895649405652588
      },
      "R": {
        "mean": 0.053949903924106195,
        "ci_lo": 0.04187677301320386,
        "ci_hi": 0.06726162995321257
      },
      "exposure": {
        "mean": 0.6478650389094043,
        "ci_lo": 0.6202642227782568,
        "ci_hi": 0.6733524819215301
      }
    }
  }
}